{
  "title": "Plot Map points",
  "visibility": "All",
  "expiry": 0,
  "isAnonymous": false,
  "isResponseAppended": true,
  "isLocationRequested": false,
  "questions": [{
      "title": "Block Details",
      "type": "SingleSelect",
      "options": [{
          "title": "Block A"
        },
        {
          "title": "Block B"
        },
        {
          "title": "Block C"
        },
        {
          "title": "Block D"
        },
        {
          "title": "Block E"
        }
      ]
    },
    {
      "title": "Latitude",
      "type": "Text"
    },
    {
      "title": "Longitude",
      "type": "Text"
    },
    {
      "title": "Direction",
      "type": "Text"
    },
    {
      "title": "Pillar Number",
      "type": "Text"
    },
    {
      "title": "Door Details",
      "type": "Text",
      "isOptional": true
    },
    {
      "title": "Name",
      "type": "Text"
    },
    {
      "title": "Phone",
      "type": "Text"
    },
    {
      "title": "Location",
      "type": "Location"
    },
    {
      "title": "Response Time",
      "type": "DateTime"
    }
  ]
}